transaction_id,correlation_id,amount,status,timestamp
tx_001, txn_101  ,100.00,COMPLETED,2026-06-27T10:00:00-04:00
tx_002,txn_102,50.00,FAILED,2026-06-27T11:00:00-04:00
tx_003,txn_104,120.00,COMPLETED,2026-06-27T22:00:00-04:00
tx_004,txn_105,200.00,COMPLETED,2026-06-27T13:00:00-04:00
tx_005,txn_106,500.00,COMPLETED,2026-06-27T14:00:00-04:00
tx_006,txn_107,80.00,COMPLETED,2026-06-27T15:00:00-04:00
tx_007,txn_107,80.00,COMPLETED,2026-06-27T16:00:00-04:00
tx_008,txn_108,60.00,COMPLETED,2026-06-27T17:00:00-04:00
tx_009,txn_109,150.00,COMPLETED,2026-06-25T10:00:00-04:00
